point_of_sale_id,geo_zone,country
4,Buenos Aires,AR
5,Buenos Aires,AR
10,Buenos Aires,AR
11,Buenos Aires,AR
12,Buenos Aires,AR
13,Buenos Aires,AR
14,Buenos Aires,AR
15,Buenos Aires,AR
16,Buenos Aires,AR
17,Buenos Aires,AR
18,Buenos Aires,AR
19,Buenos Aires,AR
20,Buenos Aires Province,AR
21,Buenos Aires,AR
22,Buenos Aires,AR
23,Buenos Aires,AR
24,Buenos Aires,AR
25,Buenos Aires,AR
26,Buenos Aires,AR
27,CABA,AR
28,CABA,AR
29,Buenos Aires,AR
30,Buenos Aires,AR
31,Buenos Aires,AR
32,Buenos Aires,AR
33,Buenos Aires,AR
34,Provincia de Buenos Aires,AR
35,Provincia de Buenos Aires,AR
36,Provincia de Buenos Aires,AR
37,Buenos Aires,AR
38,Buenos Aires,AR
39,Provincia de Buenos Aires,AR
40,Buenos Aires,AR
41,Provincia de Buenos Aires,AR
42,Buenos Aires,AR
43,Provincia de Buenos Aires,AR
44,Buenos Aires,AR
45,Buenos Aires,AR
46,Buenos Aires,AR
47,Buenos Aires,AR
48,Provincia de Buenos Aires,AR
49,Provincia de Buenos Aires,AR
50,Provincia de Buenos Aires,AR
51,Buenos Aires,AR
52,Buenos Aires,AR
53,Buenos Aires,AR
54,Buenos Aires,AR
55,Buenos Aires,AR
56,Buenos Aires,AR
57,Buenos Aires,AR
58,Provincia de Buenos Aires,AR
59,Provincia de Buenos Aires,AR
60,Provincia de Buenos Aires,AR
61,Provincia de Buenos Aires,AR
62,Provincia de Buenos Aires,AR
63,Provincia de Buenos Aires,AR
64,Provincia de Buenos Aires,AR
65,Provincia de Buenos Aires,AR
66,Provincia de Buenos Aires,AR
67,Provincia de Buenos Aires,AR
68,Provincia de Buenos Aires,AR
69,Provincia de Buenos Aires,AR
70,Provincia de Buenos Aires,AR
71,Provincia de Buenos Aires,AR
72,Provincia de Buenos Aires,AR
73,Provincia de Buenos Aires,AR
74,Provincia de Buenos Aires,AR
75,Provincia de Buenos Aires,AR
76,Provincia de Buenos Aires,AR
77,Provincia de Buenos Aires,AR
78,Provincia de Buenos Aires,AR
79,Provincia de Buenos Aires,AR
80,Provincia de Buenos Aires,AR
81,Buenos Aires,AR
82,Buenos Aires,AR
83,Buenos Aires,AR
84,Buenos Aires,AR
85,Buenos Aires,AR
86,Provincia de Buenos Aires,AR
87,Provincia de Buenos Aires,AR
88,Provincia de Buenos Aires,AR
89,Provincia de Buenos Aires,AR
90,Provincia de Buenos Aires,AR
91,Buenos Aires,AR
92,Buenos Aires,AR
93,Buenos Aires,AR
94,Buenos Aires,AR
95,Provincia de Buenos Aires,AR
96,Provincia de Buenos Aires,AR
97,Provincia de Buenos Aires,AR
98,Provincia de Buenos Aires,AR
99,Provincia de Buenos Aires,AR
100,Provincia de Buenos Aires,AR
101,Provincia de Buenos Aires,AR
102,Provincia de Buenos Aires,AR
103,Provincia de Buenos Aires,AR
104,Buenos Aires,AR
105,Buenos Aires,AR
106,Provincia de Buenos Aires,AR
107,Provincia de Buenos Aires,AR
108,Provincia de Buenos Aires,AR
109,Cdad. Autónoma de Buenos Aires,AR
110,Provincia de Buenos Aires,AR
111,Provincia de Buenos Aires,AR
112,Provincia de Buenos Aires,AR
113,Buenos Aires,AR
114,CABA,AR
115,Buenos Aires,AR
116,Provincia de Buenos Aires,AR
117,Provincia de Buenos Aires,AR
118,Provincia de Buenos Aires,AR
119,Provincia de Buenos Aires,AR
120,Provincia de Buenos Aires,AR
121,Provincia de Buenos Aires,AR
122,Buenos Aires,AR
123,Provincia de Buenos Aires,AR
124,Provincia de Buenos Aires,AR
125,Provincia de Buenos Aires,AR
126,Provincia de Buenos Aires,AR
127,Provincia de Buenos Aires,AR
128,Provincia de Buenos Aires,AR
129,Provincia de Buenos Aires,AR
130,Provincia de Buenos Aires,AR
131,Provincia de Buenos Aires,AR
132,Provincia de Buenos Aires,AR
133,Provincia de Buenos Aires,AR
134,Provincia de Buenos Aires,AR
135,Provincia de Buenos Aires,AR
136,Provincia de Buenos Aires,AR
137,Provincia de Buenos Aires,AR
138,Provincia de Buenos Aires,AR
139,Provincia de Buenos Aires,AR
140,Provincia de Buenos Aires,AR
141,Provincia de Buenos Aires,AR
142,Provincia de Buenos Aires,AR
143,CABA,AR
144,Provincia de Buenos Aires,AR
145,CABA,AR
146,Buenos Aires,AR
147,Provincia de Buenos Aires,AR
148,Provincia de Buenos Aires,AR
149,Buenos Aires,AR
150,Buenos Aires,AR
151,Buenos Aires,AR
152,Buenos Aires,AR
153,Buenos Aires,AR
154,Buenos Aires,AR
155,Buenos Aires,AR
156,Buenos Aires,AR
157,Buenos Aires,AR
158,Buenos Aires,AR
159,Buenos Aires,AR
160,Buenos Aires,AR
161,Buenos Aires,AR
162,Buenos Aires,AR
163,Provincia de Buenos Aires,AR
164,Buenos Aires,AR
165,Buenos Aires,AR
166,Buenos Aires,AR
167,Buenos Aires,AR
168,Buenos Aires,AR
169,Buenos Aires,AR
170,Buenos Aires,AR
171,Buenos Aires,AR
172,Provincia de Buenos Aires,AR
173,Buenos Aires,AR
174,Buenos Aires,AR
175,Buenos Aires,AR
176,Buenos Aires,AR
177,Buenos Aires,AR
178,Buenos Aires,AR
179,Buenos Aires,AR
180,Provincia de Buenos Aires,AR
181,Provincia de Buenos Aires,AR
182,Provincia de Buenos Aires,AR
183,Provincia de Buenos Aires,AR
184,Provincia de Buenos Aires,AR
185,Provincia de Buenos Aires,AR
186,Buenos Aires,AR
187,Buenos Aires,AR
188,Buenos Aires,AR
189,Provincia de Buenos Aires,AR
190,Provincia de Buenos Aires,AR
191,Provincia de Buenos Aires,AR
192,Provincia de Buenos Aires,AR
193,Provincia de Buenos Aires,AR
194,Provincia de Buenos Aires,AR
195,San Luis,AR
196,Provincia de Buenos Aires,AR
197,Provincia de Buenos Aires,AR
198,Provincia de Buenos Aires,AR
199,Provincia de Buenos Aires,AR
200,Provincia de Buenos Aires,AR
201,Provincia de Buenos Aires,AR
202,Provincia de Buenos Aires,AR
203,Buenos Aires,AR
204,Provincia de Buenos Aires,AR
205,Provincia de Buenos Aires,AR
206,Buenos Aires,AR
207,Buenos Aires,AR
208,Buenos Aires,AR
209,Buenos Aires,AR
210,Provincia de Buenos Aires,AR
211,Buenos Aires,AR
212,Buenos Aires,AR
213,Provincia de Buenos Aires,AR
214,Buenos Aires,AR
215,Buenos Aires,AR
216,Buenos Aires,AR
217,Buenos Aires,AR
218,Provincia de Buenos Aires,AR
219,Buenos Aires,AR
220,Provincia de Buenos Aires,AR
221,Buenos Aires,AR
222,Buenos Aires,AR
223,Buenos Aires,AR
224,Buenos Aires,AR
225,Buenos Aires,AR
226,Buenos Aires,AR
227,Buenos Aires,AR
228,Provincia de Buenos Aires,AR
229,Buenos Aires,AR
230,Buenos Aires,AR
231,Provincia de Buenos Aires,AR
232,Provincia de Buenos Aires,AR
233,Provincia de Buenos Aires,AR
234,Provincia de Buenos Aires,AR
235,Provincia de Buenos Aires,AR
236,Provincia de Buenos Aires,AR
237,Provincia de Buenos Aires,AR
238,Provincia de Buenos Aires,AR
239,Buenos Aires,AR
240,Buenos Aires,AR
241,Buenos Aires,AR
242,Provincia de Buenos Aires,AR
243,Provincia de Buenos Aires,AR
244,CABA,AR
245,CABA,AR
246,Provincia de Buenos Aires,AR
247,Provincia de Buenos Aires,AR
248,Provincia de Buenos Aires,AR
249,Provincia de Buenos Aires,AR
250,Provincia de Buenos Aires,AR
251,Provincia de Buenos Aires,AR
252,Provincia de Buenos Aires,AR
253,Provincia de Buenos Aires,AR
254,Provincia de Buenos Aires,AR
255,Provincia de Buenos Aires,AR
256,Provincia de Buenos Aires,AR
257,Provincia de Buenos Aires,AR
258,Provincia de Buenos Aires,AR
259,Provincia de Buenos Aires,AR
260,Provincia de Buenos Aires,AR
261,Provincia de Buenos Aires,AR
262,Provincia de Buenos Aires,AR
263,Provincia de Buenos Aires,AR
264,Santa Fe,AR
265,Provincia de Buenos Aires,AR
266,Provincia de Buenos Aires,AR
267,Provincia de Buenos Aires,AR
268,Buenos Aires,AR
269,Provincia de Buenos Aires,AR
270,Buenos Aires,AR
271,Provincia de Buenos Aires,AR
272,Provincia de Buenos Aires,AR
273,Provincia de Buenos Aires,AR
274,Buenos Aires,AR
275,Buenos Aires,AR
276,Provincia de Buenos Aires,AR
277,Buenos Aires,AR
278,CABA,AR
279,Provincia de Buenos Aires,AR
280,Provincia de Buenos Aires,AR
281,Provincia de Buenos Aires,AR
282,Provincia de Buenos Aires,AR
283,CABA,AR
284,CABA,AR
285,Provincia de Buenos Aires,AR
286,Provincia de Buenos Aires,AR
287,Provincia de Buenos Aires,AR
288,Provincia de Buenos Aires,AR
289,Provincia de Buenos Aires,AR
290,Provincia de Buenos Aires,AR
291,Provincia de Buenos Aires,AR
292,Buenos Aires,AR
293,Buenos Aires,AR
294,CABA,AR
295,CABA,AR
296,CABA,AR
297,Buenos Aires,AR
298,Provincia de Buenos Aires,AR
299,Provincia de Buenos Aires,AR
300,Provincia de Buenos Aires,AR
301,Provincia de Buenos Aires,AR
302,Provincia de Buenos Aires,AR
303,Provincia de Buenos Aires,AR
304,Provincia de Buenos Aires,AR
305,Provincia de Buenos Aires,AR
306,Provincia de Buenos Aires,AR
307,Provincia de Buenos Aires,AR
308,Provincia de Buenos Aires,AR
309,Provincia de Buenos Aires,AR
310,Provincia de Buenos Aires,AR
311,Provincia de Buenos Aires,AR
312,Provincia de Buenos Aires,AR
313,Provincia de Buenos Aires,AR
314,Provincia de Buenos Aires,AR
315,Provincia de Buenos Aires,AR
316,Provincia de Buenos Aires,AR
317,CABA,AR
318,Buenos Aires,AR
319,Provincia de Buenos Aires,AR
320,Provincia de Buenos Aires,AR
321,Provincia de Buenos Aires,AR
322,Provincia de Buenos Aires,AR
323,Provincia de Buenos Aires,AR
324,Provincia de Buenos Aires,AR
325,Provincia de Buenos Aires,AR
326,Provincia de Buenos Aires,AR
327,Provincia de Buenos Aires,AR
328,Provincia de Buenos Aires,AR
329,Provincia de Buenos Aires,AR
330,Provincia de Buenos Aires,AR
331,Buenos Aires,AR
332,Provincia de Buenos Aires,AR
333,Provincia de Buenos Aires,AR
334,Provincia de Buenos Aires,AR
335,Provincia de Buenos Aires,AR
336,Provincia de Buenos Aires,AR
337,Provincia de Buenos Aires,AR
338,Provincia de Buenos Aires,AR
339,Provincia de Buenos Aires,AR
340,Provincia de Buenos Aires,AR
341,Provincia de Buenos Aires,AR
342,Provincia de Buenos Aires,AR
343,Provincia de Buenos Aires,AR
344,Provincia de Buenos Aires,AR
345,Provincia de Buenos Aires,AR
346,Provincia de Buenos Aires,AR
347,Provincia de Buenos Aires,AR
348,Provincia de Buenos Aires,AR
349,Provincia de Buenos Aires,AR
350,Provincia de Buenos Aires,AR
351,Provincia de Buenos Aires,AR
352,Provincia de Buenos Aires,AR
353,Provincia de Buenos Aires,AR
354,Provincia de Buenos Aires,AR
355,Provincia de Buenos Aires,AR
356,Provincia de Buenos Aires,AR
357,Provincia de Buenos Aires,AR
358,Provincia de Buenos Aires,AR
359,Provincia de Buenos Aires,AR
360,Provincia de Buenos Aires,AR
361,Provincia de Buenos Aires,AR
362,Buenos Aires,AR
363,Buenos Aires,AR
364,CABA,AR
365,Provincia de Buenos Aires,AR
366,CABA,AR
367,CABA,AR
368,CABA,AR
369,CABA,AR
370,CABA,AR
371,CABA,AR
372,Provincia de Buenos Aires,AR
373,Provincia de Buenos Aires,AR
374,Provincia de Buenos Aires,AR
375,Provincia de Buenos Aires,AR
376,Buenos Aires,AR
377,Provincia de Buenos Aires,AR
378,Buenos Aires,AR
379,La Rioja,AR
380,La Rioja,AR
381,La Rioja,AR
382,La Rioja,AR
383,Provincia de Buenos Aires,AR
384,Provincia de Buenos Aires,AR
385,Provincia de Buenos Aires,AR
386,Provincia de Buenos Aires,AR
387,Provincia de Buenos Aires,AR
388,Provincia de Buenos Aires,AR
389,Provincia de Buenos Aires,AR
390,Provincia de Buenos Aires,AR
391,Buenos Aires,AR
392,CABA,AR
393,CABA,AR
394,CABA,AR
395,CABA,AR
396,CABA,AR
397,CABA,AR
398,Provincia de Buenos Aires,AR
399,CABA,AR
400,CABA,AR
401,CABA,AR
402,Santa Fe,AR
403,Buenos Aires,AR
404,Provincia de Buenos Aires,AR
405,Provincia de Buenos Aires,AR
406,Provincia de Buenos Aires,AR
407,Provincia de Buenos Aires,AR
408,Córdoba,AR
409,Córdoba,AR
410,Provincia de Buenos Aires,AR
411,Provincia de Buenos Aires,AR
412,Provincia de Buenos Aires,AR
413,Provincia de Buenos Aires,AR
414,Santa Fe,AR
415,Santa Fe,AR
416,Provincia de Buenos Aires,AR
417,Provincia de Buenos Aires,AR
418,Provincia de Buenos Aires,AR
419,Santa Fe,AR
420,Provincia de Buenos Aires,AR
421,Provincia de Buenos Aires,AR
422,Provincia de Buenos Aires,AR
423,Córdoba,AR
424,Provincia de Buenos Aires,AR
425,Provincia de Buenos Aires,AR
426,San Luis,AR
427,San Luis,AR
428,Buenos Aires,AR
429,Córdoba,AR
430,Provincia de Buenos Aires,AR
431,Catamarca,AR
432,Santa Fe,AR
433,Provincia de Córdoba,AR
434,CABA,AR
435,CABA,AR
436,Provincia de Buenos Aires,AR
437,Provincia de Buenos Aires,AR
438,Santa Fe,AR
439,Provincia de Buenos Aires,AR
440,Tucumán,AR
441,Provincia de Buenos Aires,AR
442,Provincia de Buenos Aires,AR
443,Santa Fe,AR
444,Provincia de Córdoba,AR
445,Córdoba,AR
446,San Luis,AR
447,Córdoba,AR
448,Córdoba,AR
449,Córdoba,AR
450,Catamarca,AR
451,Catamarca,AR
452,Catamarca,AR
453,Catamarca,AR
454,Catamarca,AR
455,Catamarca,AR
456,Catamarca,AR
457,Tucumán,AR
458,Salta,AR
459,Catamarca,AR
460,Salta,AR
461,Catamarca,AR
462,Río Negro,AR
463,Río Negro,AR
464,Río Negro,AR
465,Río Negro,AR
466,Río Negro,AR
467,Río Negro,AR
468,Río Negro,AR
469,Río Negro,AR
470,San Juan,AR
471,Provincia de Buenos Aires,AR
472,Salta,AR
473,Salta,AR
474,Provincia de Buenos Aires,AR
475,Buenos Aires,AR
476,Río Negro,AR
477,Río Negro,AR
478,Buenos Aires,AR
479,Provincia de Buenos Aires,AR
480,Provincia de Córdoba,AR
481,San Luis,AR
482,Buenos Aires,AR
483,Santa Cruz,AR
484,Tierra del Fuego,AR
485,Tierra del Fuego,AR
486,Tierra del Fuego,AR
487,Provincia de Buenos Aires,AR
488,Chaco,AR
489,Chaco,AR
490,Chaco,AR
491,Chaco,AR
492,Chaco,AR
493,Chaco,AR
494,Córdoba,AR
495,Córdoba,AR
496,Córdoba,AR
497,Córdoba,AR
498,Provincia de Buenos Aires,AR
499,Córdoba,AR
500,Córdoba,AR
501,Provincia de Buenos Aires,AR
502,Provincia de Buenos Aires,AR
503,Provincia de Buenos Aires,AR
504,Santa Cruz,AR
505,Santa Cruz,AR
506,Neuquén,AR
507,Provincia de Buenos Aires,AR
508,Buenos Aires,AR
509,Buenos Aires,AR
510,Buenos Aires,AR
511,Santa Cruz,AR
512,Santa Cruz,AR
513,Córdoba,AR
514,Santa Cruz,AR
515,Santa Fe,AR
516,Santa Cruz,AR
517,Córdoba,AR
518,Buenos Aires,AR
519,La Pampa,AR
520,La Pampa,AR
521,La Pampa,AR
522,La Pampa,AR
523,La Pampa,AR
524,La Pampa,AR
525,La Pampa,AR
526,La Pampa,AR
527,Santa Fe,AR
528,Provincia de Santa Fe,AR
529,Provincia de Santa Fe,AR
530,Provincia de Santa Fe,AR
531,Provincia de Santa Fe,AR
532,Provincia de Santa Fe,AR
533,Provincia de Santa Fe,AR
534,Santa Fe,AR
535,Santa Cruz,AR
536,Santa Cruz,AR
537,Córdoba,AR
538,Córdoba,AR
539,Córdoba,AR
540,Córdoba,AR
541,Córdoba,AR
542,Provincia de Buenos Aires,AR
543,Córdoba,AR
544,Córdoba,AR
545,Provincia de Buenos Aires,AR
546,Córdoba,AR
547,San Luis,AR
548,San Luis,AR
549,Córdoba,AR
550,Córdoba,AR
551,Córdoba,AR
552,Provincia de Buenos Aires,AR
553,Provincia de Buenos Aires,AR
554,San Luis,AR
555,Tucumán,AR
556,Buenos Aires,AR
557,Provincia de Buenos Aires,AR
558,Santa Fe,AR
559,Salta,AR
560,San Luis,AR
561,Santa Cruz,AR
562,Santa Cruz,AR
563,Santa Cruz,AR
564,Santa Cruz,AR
565,Santa Cruz,AR
566,Santa Cruz,AR
567,Santa Cruz,AR
568,Santa Cruz,AR
569,Provincia de Buenos Aires,AR
570,San Luis,AR
571,San Luis,AR
572,Provincia de Buenos Aires,AR
573,Provincia de Buenos Aires,AR
574,San Luis,AR
575,San Luis,AR
576,Santa Cruz,AR
577,Provincia de Buenos Aires,AR
578,Santa Cruz,AR
579,Provincia de Buenos Aires,AR
580,Córdoba,AR
581,Córdoba,AR
582,San Luis,AR
583,Provincia de Buenos Aires,AR
584,Provincia de Buenos Aires,AR
585,Santa Cruz,AR
586,Salta,AR
587,Santa Fe,AR
588,Córdoba,AR
589,Córdoba,AR
590,Córdoba,AR
591,Provincia de Córdoba,AR
592,Provincia de Córdoba,AR
593,Córdoba,AR
594,Provincia de Buenos Aires,AR
595,Buenos Aires,AR
596,Provincia de Buenos Aires,AR
597,Provincia de Buenos Aires,AR
598,Río Negro,AR
599,Río Negro,AR
600,CABA,AR
601,CABA,AR
602,Provincia de Buenos Aires,AR
603,Córdoba,AR
604,Córdoba,AR
605,San Luis,AR
606,La Pampa,AR
607,Santa Fe,AR
608,Córdoba,AR
609,Provincia de Buenos Aires,AR
610,Río Negro,AR
611,Santa Fe,AR
612,Provincia de Buenos Aires,AR
613,Provincia de Santa Fe,AR
614,Provincia de Buenos Aires,AR
615,Río Negro,AR
616,Santa Fe,AR
617,Córdoba,AR
618,Córdoba,AR
619,Córdoba,AR
620,Córdoba,AR
621,Córdoba,AR
622,Santa Fe,AR
623,Santa Fe,AR
624,Río Negro,AR
625,La Pampa,AR
626,San Luis,AR
627,Santa Fe,AR
628,Santa Fe,AR
629,Santa Fe,AR
630,Provincia de Buenos Aires,AR
631,Santa Fe,AR
632,Santiago del Estero,AR
633,Santa Fe,AR
634,Neuquén,AR
635,Córdoba,AR
636,CDMX,MX
637,Córdoba,AR
638,Río Negro,AR
639,Córdoba,AR
640,Santa Fe,AR
641,Provincia de Buenos Aires,AR
642,La Pampa,AR
643,San Luis,AR
644,Santa Fe,AR
645,Provincia de Buenos Aires,AR
646,Provincia de Buenos Aires,AR
647,Provincia de Buenos Aires,AR
648,Provincia de Buenos Aires,AR
649,Provincia de Buenos Aires,AR
650,Neuquén,AR
651,Entre Ríos,AR
652,Río Negro,AR
653,Santa Fe,AR
654,Santa Fe,AR
655,Buenos Aires,AR
656,San Luis,AR
657,Santa Fe,AR
658,San Juan,AR
659,Provincia de Buenos Aires,AR
660,Buenos Aires,AR
661,Coahuila de Zaragoza,MX
662,Provincia de Buenos Aires,AR
663,Mendoza,AR
664,Chubut,AR
665,San Luis,AR
666,Neuquén,AR
667,Mendoza,AR
668,Córdoba,AR
669,Mendoza,AR
670,Neuquén,AR
671,Río Negro,AR
672,Chubut,AR
673,Chubut,AR
674,Jujuy,AR
675,Santa Fe,AR
676,Buenos Aires Province,AR
677,Chubut,AR
678,Buenos Aires,AR
679,Provincia de Buenos Aires,AR
680,Provincia de Buenos Aires,AR
681,Chaco,AR
682,Entre Ríos,AR
683,Provincia de Buenos Aires,AR
684,Provincia de Buenos Aires,AR
685,Provincia de Buenos Aires,AR
686,Provincia de Buenos Aires,AR
687,Provincia de Buenos Aires,AR
688,Santa Fe,AR
689,Provincia de Buenos Aires,AR
690,Santa Fe,AR
691,Buenos Aires,AR
692,Provincia de Buenos Aires,AR
693,Santiago del Estero,AR
694,Santiago del Estero,AR
695,Santiago del Estero,AR
696,Santiago del Estero,AR
697,Santiago del Estero,AR
698,Buenos Aires,AR
699,Provincia de Buenos Aires,AR
700,Santiago del Estero,AR
701,Santiago del Estero,AR
702,Santiago del Estero,AR
703,Santiago del Estero,AR
704,Santiago del Estero,AR
705,Santiago del Estero,AR
706,Santiago del Estero,AR
707,Santa Fe,AR
708,Provincia de Buenos Aires,AR
709,Buenos Aires,AR
710,Provincia de Buenos Aires,AR
711,Buenos Aires,AR
712,Santa Fe,AR
713,Provincia de Buenos Aires,AR
714,Provincia de Buenos Aires,AR
715,Provincia de Buenos Aires,AR
716,Corrientes,AR
717,Santiago del Estero,AR
718,Santiago del Estero,AR
719,Chubut,AR
720,Provincia de Buenos Aires,AR
721,CDMX,MX
722,CDMX,MX
723,Provincia de Buenos Aires,AR
724,CDMX,MX
725,CDMX,MX
726,Provincia de Buenos Aires,AR
727,Santa Fe,AR
728,Corrientes,AR
729,Santa Fe,AR
730,Provincia de Buenos Aires,AR
731,Santa Fe,AR
732,Santa Fe,AR
733,Santa Fe,AR
734,Santa Fe,AR
735,Entre Ríos,AR
736,Buenos Aires,AR
737,Santiago del Estero,AR
738,Córdoba,AR
739,Provincia de Buenos Aires,AR
740,Neuquén,AR
741,Santa Fe,AR
742,Santiago del Estero,AR
743,Santa Fe,AR
744,Provincia de Buenos Aires,AR
745,Provincia de Buenos Aires,AR
746,Santiago del Estero,AR
747,Provincia de Buenos Aires,AR
748,Provincia de Buenos Aires,AR
749,Neuquén,AR
750,Buenos Aires,AR
751,Tierra del Fuego,AR
752,Tierra del Fuego,AR
753,Tierra del Fuego,AR
754,Tierra del Fuego,AR
755,Formosa,AR
756,Santa Fe,AR
757,Río Negro,AR
758,La Pampa,AR
759,Chubut,AR
760,Chubut,AR
761,Chubut,AR
762,Provincia de Buenos Aires,AR
763,Córdoba,AR
764,Santa Fe,AR
765,Santa Fe,AR
766,Provincia de Buenos Aires,AR
767,Córdoba,AR
768,Buenos Aires,AR
769,Córdoba,AR
770,Córdoba,AR
771,Córdoba,AR
772,Córdoba,AR
773,Córdoba,AR
774,Córdoba,AR
775,La Pampa,AR
776,Córdoba,AR
777,Córdoba,AR
778,Provincia de Buenos Aires,AR
779,Santa Fe,AR
780,Córdoba,AR
781,Córdoba,AR
782,Santa Fe,AR
783,Córdoba,AR
784,Córdoba,AR
785,Córdoba,AR
786,X5000 Córdoba,AR
787,Córdoba,AR
788,Córdoba,AR
789,Chubut,AR
790,Provincia de Buenos Aires,AR
791,Córdoba,AR
792,Río Negro,AR
793,Río Negro,AR
794,Córdoba,AR
795,Córdoba,AR
796,Provincia de Buenos Aires,AR
797,Córdoba,AR
798,Córdoba,AR
799,La Pampa,AR
800,Córdoba,AR
801,Córdoba,AR
802,Córdoba,AR
803,Entre Ríos,AR
804,Provincia de Buenos Aires,AR
805,Provincia de Buenos Aires,AR
806,Entre Ríos,AR
807,San Luis,AR
808,Provincia de Buenos Aires,AR
809,Provincia de Buenos Aires,AR
810,Provincia de Buenos Aires,AR
811,Provincia de Buenos Aires,AR
812,Provincia de Buenos Aires,AR
813,Córdoba,AR
814,Provincia de Buenos Aires,AR
815,Provincia de Buenos Aires,AR
816,Provincia de Buenos Aires,AR
817,Provincia de Buenos Aires,AR
818,Provincia de Buenos Aires,AR
819,Provincia de Buenos Aires,AR
820,Provincia de Buenos Aires,AR
821,Provincia de Buenos Aires,AR
822,Provincia de Buenos Aires,AR
823,Provincia de Buenos Aires,AR
824,Provincia de Buenos Aires,AR
825,Provincia de Buenos Aires,AR
826,Buenos Aires,AR
827,Provincia de Buenos Aires,AR
828,Provincia de Buenos Aires,AR
829,Provincia de Buenos Aires,AR
830,Provincia de Buenos Aires,AR
831,Provincia de Buenos Aires,AR
832,Provincia de Buenos Aires,AR
833,Provincia de Buenos Aires,AR
834,CABA,AR
835,Santa Fe,AR
836,Santa Fe,AR
837,Chaco,AR
838,Chaco,AR
839,Córdoba,AR
840,Santa Fe,AR
841,Río Negro,AR
842,Misiones,AR
843,Río Negro,AR
844,Provincia de Buenos Aires,AR
845,Córdoba,AR
846,Corrientes,AR
847,Misiones,AR
848,Misiones,AR
849,Santa Fe,AR
850,Córdoba,AR
851,Misiones,AR
852,Provincia de Buenos Aires,AR
853,Córdoba,AR
854,Entre Ríos,AR
855,Córdoba,AR
856,Córdoba,AR
857,Córdoba,AR
858,Santa Fe,AR
859,Santa Fe,AR
860,Provincia de Buenos Aires,AR
861,Provincia de Buenos Aires,AR
862,Provincia de Buenos Aires,AR
863,Provincia de Buenos Aires,AR
864,Provincia de Buenos Aires,AR
865,Córdoba,AR
866,Córdoba,AR
867,Misiones,AR
868,Córdoba,AR
869,Río Negro,AR
870,Provincia de Buenos Aires,AR
871,Córdoba,AR
872,Córdoba,AR
873,Mendoza,AR
874,Mendoza,AR
875,Santa Fe,AR
876,Catamarca,AR
877,Buenos Aires,AR
878,Buenos Aires,AR
879,Buenos Aires Province,AR
880,Buenos Aires,AR
881,Provincia de Buenos Aires,AR
882,Provincia de Buenos Aires,AR
883,Provincia de Buenos Aires,AR
884,Santa Fe,AR
885,Río Negro,AR
886,Santa Fe,AR
887,Santa Fe,AR
888,Santa Fe,AR
889,Provincia de Buenos Aires,AR
890,Misiones,AR
891,CABA,AR
892,CABA,AR
893,Provincia de Buenos Aires,AR
894,Provincia de Buenos Aires,AR
895,Provincia de Buenos Aires,AR
896,Provincia de Buenos Aires,AR
897,Provincia de Buenos Aires,AR
898,Provincia de Buenos Aires,AR
899,Provincia de Buenos Aires,AR
900,CABA,AR
901,CABA,AR
902,Provincia de Buenos Aires,AR
903,Provincia de Buenos Aires,AR
904,Provincia de Buenos Aires,AR
905,Provincia de Buenos Aires,AR
906,Buenos Aires,AR
907,Provincia de Buenos Aires,AR
908,Provincia de Buenos Aires,AR
909,Provincia de Buenos Aires,AR
910,CABA,AR
911,CABA,AR
912,Buenos Aires,AR
913,Provincia de Buenos Aires,AR
914,Provincia de Buenos Aires,AR
915,Santa Fe,AR
916,Provincia de Buenos Aires,AR
917,Tucumán,AR
918,CABA,AR
919,CABA,AR
920,CABA,AR
921,CABA,AR
922,CABA,AR
923,CABA,AR
924,Chubut,AR
925,Chubut,AR
926,Provincia de Buenos Aires,AR
927,La Rioja,AR
928,Río Negro,AR
929,San Luis,AR
930,Provincia de Buenos Aires,AR
931,Buenos Aires,AR
932,Provincia de Buenos Aires,AR
933,Córdoba,AR
934,Santa Fe,AR
935,Córdoba,AR
936,Salta,AR
937,Mendoza,AR
938,Catamarca,AR
939,Corrientes,AR
940,Provincia de Buenos Aires,AR
941,Provincia de Buenos Aires,AR
942,Chaco,AR
943,Mendoza,AR
944,Provincia de Buenos Aires,AR
945,Catamarca,AR
946,Catamarca,AR
947,Catamarca,AR
948,Catamarca,AR
949,Catamarca,AR
950,Catamarca,AR
951,Catamarca,AR
952,Catamarca,AR
953,Catamarca,AR
954,Catamarca,AR
955,Catamarca,AR
956,Catamarca,AR
957,La Rioja,AR
958,La Rioja,AR
959,La Rioja,AR
960,La Rioja,AR
961,La Rioja,AR
962,La Rioja,AR
963,Mendoza,AR
964,Santa Fe,AR
965,Mendoza,AR
966,Córdoba,AR
967,La Rioja,AR
968,Provincia de Buenos Aires,AR
969,CABA,AR
970,Santa Fe,AR
971,Córdoba,AR
972,Córdoba,AR
973,Santa Fe,AR
974,Santa Fe,AR
975,Provincia de Buenos Aires,AR
976,Córdoba,AR
977,Santa Fe,AR
978,Santiago del Estero,AR
979,Córdoba,AR
980,Santiago del Estero,AR
981,Santiago del Estero,AR
982,Entre Ríos,AR
983,Mendoza,AR
984,Santa Fe,AR
985,Chubut,AR
986,Entre Ríos,AR
987,Santiago del Estero,AR
988,Santiago del Estero,AR
989,Santiago del Estero,AR
990,Santiago del Estero,AR
991,Santiago del Estero,AR
992,Chubut,AR
993,Chubut,AR
994,Chubut,AR
995,Chubut,AR
996,Santiago del Estero,AR
997,Santiago del Estero,AR
998,Santiago del Estero,AR
999,Santiago del Estero,AR
1000,Buenos Aires,AR
1001,CABA,AR
1002,Buenos Aires,AR
1003,Provincia de Buenos Aires,AR
1004,Río Negro,AR
1005,Salta,AR
1006,Provincia de Buenos Aires,AR
1007,Córdoba,AR
1008,Chubut,AR
1009,Chubut,AR
1010,Chubut,AR
1011,Chubut,AR
1012,Chubut,AR
1013,Chubut,AR
1014,Chubut,AR
1015,Chubut,AR
1016,Chubut,AR
1017,Chubut,AR
1018,Chubut,AR
1019,Chubut,AR
1020,Chubut,AR
1021,Chubut,AR
1022,Chubut,AR
1023,Chubut,AR
1024,Chubut,AR
1025,Tucumán,AR
1026,Provincia de Buenos Aires,AR
1027,Provincia de Buenos Aires,AR
1028,Santa Fe,AR
1029,Santa Fe,AR
1030,Buenos Aires,AR
1031,Buenos Aires,AR
1032,Provincia de Buenos Aires,AR
1033,Chaco,AR
1034,Provincia de Buenos Aires,AR
1035,Córdoba,AR
1036,Corrientes,AR
1037,La Rioja,AR
1038,Santa Fe,AR
1039,Buenos Aires,AR
1040,Provincia de Buenos Aires,AR
1041,Córdoba,AR
1042,Provincia de Buenos Aires,AR
1043,Provincia de Buenos Aires,AR
1044,Salta,AR
1045,Salta,AR
1046,Río Negro,AR
1047,Chubut,AR
1048,Catamarca,AR
1049,Salta,AR
1050,Provincia de Buenos Aires,AR
1051,Córdoba,AR
1052,Tucumán,AR
1053,Provincia de Buenos Aires,AR
1054,San Juan,AR
1055,Entre Ríos,AR
1056,Córdoba,AR
1057,Jujuy,AR
1058,Entre Ríos,AR
1059,Entre Ríos,AR
1060,Entre Ríos,AR
1061,Entre Ríos,AR
1062,Buenos Aires,AR
1063,Córdoba,AR
1064,Provincia de Buenos Aires,AR
1065,Provincia de Buenos Aires,AR
1066,Provincia de Buenos Aires,AR
1067,Provincia de Buenos Aires,AR
1068,Provincia de Buenos Aires,AR
1069,Salta,AR
1070,Provincia de Buenos Aires,AR
1071,Chubut,AR
1072,Chubut,AR
1073,Chubut,AR
1074,Córdoba,AR
1075,Córdoba,AR
1076,Río Negro,AR
1077,Santa Fe,AR
1078,Provincia de Buenos Aires,AR
1079,Buenos Aires,AR
1080,San Juan,AR
1081,Provincia de Buenos Aires,AR
1082,Tierra del Fuego,AR
1083,Santa Fe,AR
1084,Formosa,AR
1085,Formosa,AR
1086,Formosa,AR
1087,Formosa,AR
1088,Formosa,AR
1089,Formosa,AR
1090,Chaco,AR
1091,Formosa,AR
1092,Santiago del Estero,AR
1093,Santiago del Estero,AR
1094,Santiago del Estero,AR
1095,CABA,AR
1096,Buenos Aires,AR
1097,Baja California Sur,MX
1098,Baja California Sur,MX
1099,Baja California Sur,MX
1100,Baja California Sur,MX
1101,Baja California Sur,MX
1102,Querétaro,MX
1103,CDMX,MX
1104,Guanajuato,MX
1105,Jujuy,AR
1106,CDMX,MX
1107,Córdoba,AR
1108,Chaco,AR
1109,Provincia de Buenos Aires,AR
1110,Misiones,AR
1111,Córdoba,AR
1112,Córdoba,AR
1113,CDMX,MX
1114,CDMX,MX
1115,Santa Cruz,AR
1116,Provincia de Buenos Aires,AR
1117,Provincia de Buenos Aires,AR
1118,Córdoba,AR
1119,Veracruz,MX
1120,Veracruz,MX
1121,Querétaro,MX
1122,Córdoba,AR
1123,Jalisco,MX
1124,Puebla,MX
1125,Provincia de Buenos Aires,AR
1126,Formosa,AR
1127,Tucumán,AR
1128,CDMX,MX
1129,Guanajuato,MX
1130,San Luis,AR
1131,Chaco,AR
1132,Córdoba,AR
1133,CDMX,MX
1134,CDMX,MX
1135,CDMX,MX
1136,Neuquén,AR
1137,Buenos Aires,AR
1138,Oaxaca,MX
1139,Puebla,MX
1140,CDMX,MX
1141,CDMX,MX
1142,Santa Cruz,AR
1143,CDMX,MX
1144,Córdoba,AR
1145,Chihuahua,MX
1146,Formosa,AR
1147,Jalisco,MX
1148,Jalisco,MX
1149,Formosa,AR
1150,Coahuila de Zaragoza,MX
1151,CDMX,MX
1152,CDMX,MX
1153,CDMX,MX
1154,Querétaro,MX
1155,Michoacán de Ocampo,MX
1156,Michoacán de Ocampo,MX
1157,Michoacán de Ocampo,MX
1158,Veracruz de Ignacio de la Llave,MX
1159,Provincia de Buenos Aires,AR
1160,CDMX,MX
1161,Formosa,AR
1162,Chiapas,MX
1163,Puebla,MX
1164,Córdoba,AR
1165,CDMX,MX
1166,CDMX,MX
1167,Nuevo León,MX
1168,CDMX,MX
1169,Veracruz,MX
1170,Hidalgo,MX
1171,CDMX,MX
1172,Provincia de Buenos Aires,AR
1173,Chiapas,MX
1174,Tlaxcala,MX
1175,CDMX,MX
1176,Hidalgo,MX
1177,Tamaulipas,MX
1178,CDMX,MX
1179,Chihuahua,MX
1180,Michoacán de Ocampo,MX
1181,CDMX,MX
1182,CDMX,MX
1183,CDMX,MX
1184,CDMX,MX
1185,Jalisco,MX
1186,Jalisco,MX
1187,Chiapas,MX
1188,Morelos,MX
1189,Veracruz de Ignacio de la Llave,MX
1190,Tlaxcala,MX
1191,Yucatan,MX
1192,CDMX,MX
1193,28007 Madrid,ES
1194,Morelos,MX
1195,Sinaloa,MX
1196,San Luis Potosí,MX
1197,Veracruz de Ignacio de la Llave,MX
1198,Yucatan,MX
1199,Yucatan,MX
1200,Yucatán,MX
1201,Yucatan,MX
1202,Quintana Roo,MX
1203,Quintana Roo,MX
1204,Yucatán,MX
1205,Morelos,MX
1206,Durango,MX
1207,Río Negro,AR
1208,Neuquén,AR
1209,CDMX,MX
1210,CDMX,MX
1211,Morelos,MX
1212,CDMX,MX
1213,Durango,MX
1214,Durango,MX
1215,CDMX,MX
1216,Sinaloa,MX
1217,Baja California,MX
1218,Durango,MX
1219,Durango,MX
1220,Sinaloa,MX
1221,CDMX,MX
1222,Guanajuato,MX
1223,Guanajuato,MX
1224,CDMX,MX
1225,CDMX,MX
1226,CDMX,MX
1227,CDMX,MX
1228,Hidalgo,MX
1229,CABA,AR
1230,CDMX,MX
1231,CDMX,MX
1232,CDMX,MX
1233,CDMX,MX
1234,Corrientes,AR
1235,Tamaulipas,MX
1236,Jalisco,MX
1237,CDMX,MX
1238,Hidalgo,MX
1239,Nuevo León,MX
1240,Nuevo León,MX
1241,Chiapas,MX
1242,Jalisco,MX
1243,Coahuila de Zaragoza,MX
1244,Hidalgo,MX
1245,Hidalgo,MX
1246,Morelos,MX
1247,Morelos,MX
1248,Santa Fe,AR
1249,Nuevo León,MX
1250,Nuevo León,MX
1251,Nuevo León,MX
1252,Nuevo León,MX
1253,Nuevo León,MX
1254,Nuevo León,MX
1255,Nuevo León,MX
1256,Nuevo León,MX
1257,Nuevo León,MX
1258,Coahuila de Zaragoza,MX
1259,Durango,MX
1260,Michoacán de Ocampo,MX
1261,Sinaloa,MX
1262,Sinaloa,MX
1263,CDMX,MX
1264,Campeche,MX
1265,CDMX,MX
1266,Puebla,MX
1267,State of Mexico,MX
1268,CDMX,MX
1269,CDMX,MX
1270,CDMX,MX
1271,State of Mexico,MX
1272,CDMX,MX
1273,CDMX,MX
1274,Puebla,MX
1275,Puebla,MX
1276,Jalisco,MX
1277,Buenos Aires,AR
1278,CDMX,MX
1279,CDMX,MX
1280,CDMX,MX
1281,Chihuahua,MX
1282,CDMX,MX
1283,Yucatan,MX
1284,Sinaloa,MX
1285,Hidalgo,MX
1286,Puebla,MX
1287,Jalisco,MX
1288,Sinaloa,MX
1289,Tabasco,MX
1290,CDMX,MX
1291,Hidalgo,MX
1292,Hidalgo,MX
1293,Nuevo León,MX
1294,Puebla,MX
1295,Durango,MX
1296,Oaxaca,MX
1297,San Luis Potosí,MX
1298,Oaxaca,MX
1299,Oaxaca,MX
1300,Nuevo León,MX
1301,Durango,MX
1302,CDMX,MX
1303,Veracruz de Ignacio de la Llave,MX
1304,Michoacán,MX
1305,CDMX,MX
1306,Durango,MX
1307,Jalisco,MX
1308,CDMX,MX
1309,CDMX,MX
1310,CDMX,MX
1311,CDMX,MX
1312,Campeche,MX
1313,Quintana Roo,MX
1314,Veracruz,MX
1315,Bogota,CO
1316,Jalisco,MX
1317,Chihuahua,MX
1318,Jalisco,MX
1319,Sonora,MX
1320,Sonora,MX
1321,Sonora,MX
1322,Sonora,MX
1323,Sonora,MX
1324,Bogotá,CO
1325,Hidalgo,MX
1326,Jalisco,MX
1327,Puebla,MX
1328,CDMX,MX
1329,Oaxaca,MX
1330,Veracruz de Ignacio de la Llave,MX
1331,Guanajuato,MX
1332,Baja California Sur,MX
1333,Chiapas,MX
1334,Chiapas,MX
1335,Guerrero,MX
1336,Puebla,MX
1337,Chiapas,MX
1338,Chiapas,MX
1339,Chiapas,MX
1340,Chiapas,MX
1341,Chiapas,MX
1342,Chiapas,MX
1343,Chiapas,MX
1344,Chiapas,MX
1345,Chiapas,MX
1346,Chiapas,MX
1347,Chiapas,MX
1348,Chiapas,MX
1349,Chiapas,MX
1350,Chiapas,MX
1351,Chiapas,MX
1352,Chiapas,MX
1353,Chiapas,MX
1354,Chiapas,MX
1355,Chiapas,MX
1356,Chiapas,MX
1357,Chiapas,MX
1358,Chiapas,MX
1359,Chiapas,MX
1360,Zacatecas,MX
1361,CDMX,MX
1362,CDMX,MX
1363,Bogota,CO
1364,Baja California Sur,MX
1365,Tlaxcala,MX
1366,Oaxaca,MX
1367,Cundinamarca,CO
1368,CDMX,MX
1369,Hidalgo,MX
1370,Sinaloa,MX
1371,Meta,CO
1372,Cundinamarca,CO
1373,Veracruz de Ignacio de la Llave,MX
1374,Puebla,MX
1375,Puebla,MX
1376,Puebla,MX
1377,Puebla,MX
1378,Aguascalientes,MX
1379,Guanajuato,MX
1380,Chiapas,MX
1381,Puebla,MX
1382,Bogotá,CO
1383,CDMX,MX
1384,Sonora,MX
1385,Puebla,MX
1386,Querétaro,MX
1387,CDMX,MX
1388,CDMX,MX
1389,Tlaxcala,MX
1390,CDMX,MX
1391,CDMX,MX
1392,Coahuila de Zaragoza,MX
1393,Coahuila de Zaragoza,MX
1394,Valle del Cauca,CO
1395,Tamaulipas,MX
1396,Buenos Aires,AR
1397,Jalisco,MX
1398,Zacatecas,MX
1399,Boyacá,CO
1400,CDMX,MX
1401,Bogotá,CO
1402,Bogotá,CO
1403,CDMX,MX
1404,Guanajuato,MX
1405,Bogota,CO
1406,Buenos Aires,AR
1407,Guanajuato,MX
1408,CDMX,MX
1409,Puebla,MX
1410,Buenos Aires,AR
1411,Bogotá,CO
1412,CDMX,MX
1413,Oaxaca,MX
1414,Jalisco,MX
1415,Jalisco,MX
1416,Hidalgo,MX
1417,CDMX,MX
1418,Puebla,MX
1419,Cundinamarca,CO
1420,Bogotá,CO
1421,Michoacán de Ocampo,MX
1422,Querétaro,MX
1423,Tlaxcala,MX
1424,Caldas,CO
1425,Nuevo León,MX
1426,Aguascalientes,MX
1427,Risaralda,CO
1428,Jalisco,MX
1429,Bogotá,CO
1430,Veracruz de Ignacio de la Llave,MX
1431,Zacatecas,MX
1432,Bogotá,CO
1433,Bogotá,CO
1434,Bogotá,CO
1435,Coahuila de Zaragoza,MX
1436,Cundinamarca,CO
1437,Hidalgo,MX
1438,Jalisco,MX
1439,CDMX,MX
1440,Michoacán,MX
1441,Bogotá,CO
1442,Bogotá,CO
1443,Michoacán de Ocampo,MX
1444,Bogotá,CO
1445,Michoacán,MX
1446,Baja California,MX
1447,Michoacán de Ocampo,MX
1448,Sinaloa,MX
1449,Guerrero,MX
1450,Americana - SP,BR
1451,São José - Santa Catarina,BR
1452,Valle del Cauca,CO
1453,CDMX,MX
1454,CDMX,MX
1455,Nariño,CO
1456,Cundinamarca,CO
1457,Bogotá,CO
1458,CDMX,MX
1459,Bogotá,CO
1460,Veracruz,MX
1461,Querétaro,MX
1462,Bogotá,CO
1463,Puebla,MX
1464,Cundinamarca,CO
1465,Baja California,MX
1466,Bogotá,CO
1467,Cundinamarca,CO
1468,Puebla,MX
1469,CDMX,MX
1470,Cundinamarca,CO
1471,Cundinamarca,CO
1472,Bogotá,CO
1473,Cundinamarca,CO
1474,Antioquia,CO
1475,Puebla,MX
1476,Chiapas,MX
1477,Estado de México,MX
1478,Querétaro,MX
1479,Cundinamarca,CO
1480,Querétaro,MX
1481,Bogotá,CO
1482,Bolívar,CO
1483,Caquetá,CO
1484,CDMX,MX
1485,Cundinamarca,CO
1486,Hidalgo,MX
1487,Puebla,MX
1488,CA,US
1489,Querétaro,MX
1490,Puebla,MX
1491,Puebla,MX
1492,Estado de México,MX
1493,Cundinamarca,CO
1494,FL,US
1495,Michoacán de Ocampo,MX
1496,Michoacán de Ocampo,MX
1497,Michoacán de Ocampo,MX
1498,Guanajuato,MX
1499,Bogotá,CO
1500,Meta,CO
1501,Oaxaca,MX
1502,Bogotá,CO
1503,Estado de México,MX
1504,Bogotá,CO
1505,Bogotá,CO
1506,CDMX,MX
1507,CDMX,MX
1508,Bogotá,CO
1509,Bogotá,CO
1510,Bogotá,CO
1511,Michoacán de Ocampo,MX
1512,Morelos,MX
1513,Bogotá,CO
1514,Bogotá,CO
1515,Bogotá,CO
1516,Bogotá,CO
1517,CDMX,MX
1518,CDMX,MX
1519,CDMX,MX
1520,Bogotá,CO
1521,Cundinamarca,CO
1522,CDMX,MX
1523,Chihuahua,MX
1524,Tlaxcala,MX
1525,Estado de Hidalgo,MX
1526,Bogotá,CO
1527,Oaxaca,MX
1528,Florianópolis - Santa Catarina,BR
1529,Florianópolis - Santa Catarina,BR
1530,Bogotá,CO
1531,Durango,MX
1532,Bogotá,CO
1533,Jalisco,MX
1534,Bogotá,CO
1535,Bolívar,CO
1536,Bogotá,CO
1537,Cundinamarca,CO
1538,Chiapas,MX
1539,Bogotá,CO
1540,Cundinamarca,CO
1541,Córdoba,CO
1542,Bogotá,CO
1543,Bogotá,CO
1544,CDMX,MX
1545,Zacatecas,MX
1546,Michoacán,MX
1547,Bogotá,CO
1548,CDMX,MX
1549,Nayarit,MX
1550,CDMX,MX
1551,Estado de México,MX
1552,CDMX,MX
1553,Sonora,MX
1554,Querétaro,MX
1555,CDMX,MX
1556,Cundinamarca,CO
1557,Estado de México,MX
1558,Bogotá,CO
1559,CDMX,MX
1560,Baja California,MX
1561,Meta,CO
1562,CDMX,MX
1563,CDMX,MX
1564,Misiones,AR
1565,CDMX,MX
1566,Tolima,CO
1567,Bogotá,CO
1568,Jalisco,MX
1569,CDMX,MX
1570,CDMX,MX
1571,Guanajuato,MX
1572,CDMX,MX
1573,Bogotá,CO
1574,Atlántico,CO
1575,Ciudad de México,MX
1576,CDMX,MX
1577,CDMX,MX
1578,La Guajira,CO
1579,Cundinamarca,CO
1580,Cundinamarca,CO
1581,Bogotá,CO
1582,Michoacán de Ocampo,MX
1583,Bogotá,CO
1584,Santa Fe,AR
1585,Antioquia,CO
1586,Oaxaca,MX
1587,Morelos,MX
1588,CDMX,MX
1589,CDMX,MX
1590,CDMX,MX
1591,Bogotá,CO
1592,Sonora,MX
1593,Jalisco,MX
1594,Bogotá,CO
1595,Bogotá,CO
1596,Córdoba,AR
1597,Córdoba,AR
1598,Córdoba,AR
1599,CDMX,MX
1600,Estado de Hidalgo,MX
1601,Estado de México,MX
1602,Tolima,CO
1603,CDMX,MX
1604,CDMX,MX
1605,Provincia de Buenos Aires,AR
1606,Bogotá,CO
1607,Quintana Roo,MX
1608,Cundinamarca,CO
1609,Cundinamarca,CO
1610,Nuevo León,MX
1611,Guerrero,MX
1612,Cundinamarca,CO
1613,Provincia de Buenos Aires,AR
1614,Provincia de Buenos Aires,AR
1615,Provincia de Buenos Aires,AR
1616,Estado de México,MX
1617,Bogotá,CO
1618,Provincia de Buenos Aires,AR
1619,Córdoba,AR
1620,Mendoza,AR
1621,San Luis,AR
1622,San Luis,AR
1623,Antioquia,CO
1624,Cundinamarca,CO
1625,Bogotá,CO
1626,Mendoza,AR
1627,Misiones,AR
1628,Misiones,AR
1629,Yucatan,MX
1630,Chihuahua,MX
1631,Santa Cruz,AR
1632,San Luis Potosí,MX
1633,Jalisco,MX
1634,Provincia de Buenos Aires,AR
1635,Santa Cruz,AR
1636,Bogotá,CO
1637,Cundinamarca,CO
1638,Cundinamarca,CO
1639,Bogotá,CO
1640,Bogotá,CO
1641,Cundinamarca,CO
1642,Ciudad Autónoma de Buenos Aires,AR
1643,Guerrero,MX
1644,CDMX,MX
1645,CDMX,MX
1646,Provincia de Santa Fe,AR
1647,Provincia de Santa Fe,AR
1648,Provincia de Buenos Aires,AR
1649,Provincia de Buenos Aires,AR
1650,Chiapas,MX
1651,Meta,CO
1652,Cundinamarca,CO
1653,Provincia de Buenos Aires,AR
1654,CDMX,MX
1655,Porto Alegre - Río Grande del Sur,BR
1656,Bogotá,CO
1657,Bogotá,CO
1658,Bogotá,CO
1659,Puebla,MX
1660,Córdoba,AR
1661,Río Negro,AR
1662,CDMX,MX
1663,Provincia de Buenos Aires,AR
1664,Provincia de Buenos Aires,AR
1665,Provincia de Buenos Aires,AR
1666,Provincia de Buenos Aires,AR
1667,Provincia de Buenos Aires,AR
1668,Río Negro,AR
1669,Provincia de Mendoza,AR
1670,Bogotá,CO
1671,Guerrero,MX
1672,San Juan,AR
1673,Michoacán,MX
1674,Bogotá,CO
1675,Bogotá,CO
1676,Bogotá,CO
1677,Querétaro,MX
1678,CDMX,MX
1679,Guanajuato,MX
1680,Guanajuato,MX
1681,Guanajuato,MX
1682,Guanajuato,MX
1683,Salta,AR
1684,Salta,AR
1685,Jalisco,MX
1686,Santiago del Estero,AR
1687,Ciudad Autónoma de Buenos Aires,AR
1688,Provincia de Buenos Aires,AR
1689,Provincia de Buenos Aires,AR
1690,Nuevo León,MX
1691,Bogotá,CO
1692,Michoacán,MX
1693,Provincia de Buenos Aires,AR
1694,CDMX,MX
1695,Bogotá,CO
1696,CDMX,MX
1697,Jujuy,AR
1698,Bogotá,CO
1699,Córdoba,AR
1700,Cundinamarca,CO
1701,Ciudad Autónoma de Buenos Aires,AR
1702,Cundinamarca,CO
1703,CDMX,MX
1704,Tucumán,AR
1705,Bogotá,CO
1706,Nayarit,MX
1707,Chaco,AR
1708,CDMX,MX
1709,Zacatecas,MX
1710,Colima,MX
1711,La Reina,CL
1712,CDMX,MX
1713,Bogotá,CO
1714,Bogotá,CO
1715,Nuevo León,MX
1716,Provincia de Buenos Aires,AR
1717,Puebla,MX
1718,Veracruz,MX
1719,Jalisco,MX
1720,Tamaulipas,MX
1721,CDMX,MX
1722,CDMX,MX
1723,Sonora,MX
1724,Bogotá,CO
1725,Bogotá,CO
1726,Provincia de Buenos Aires,AR
1727,CDMX,MX
1728,Bogotá,CO
1729,Estado de México,MX
1730,Salta,AR
1731,CDMX,MX
1732,Bogotá,CO
1733,Atlántico,CO
1734,Bogotá,CO
1735,Jalisco,MX
1736,Jalisco,MX
1737,Cundinamarca,CO
1738,Veracruz de Ignacio de la Llave,MX
1739,CDMX,MX
1740,Provincia de Buenos Aires,AR
1741,Chiapas,MX
1742,CDMX,MX
1743,Bogotá,CO
1744,Bogotá,CO
1745,Bogotá,CO
1746,CDMX,MX
1747,Chiapas,MX
1748,Chiapas,MX
1749,Chiapas,MX
1750,Chiapas,MX
1751,CDMX,MX
1752,Santiago,CL
1753,Bogotá,CO
1754,Cundinamarca,CO
1755,Ciudad Autónoma de Buenos Aires,AR
1756,Provincia de Buenos Aires,AR
1757,Provincia de Mendoza,AR
1758,Santiago del Estero,AR
1759,Cundinamarca,CO
1760,CDMX,MX
1761,Cundinamarca,CO
1762,Meta,CO
1763,Bogotá,CO
1764,Bogotá,CO
1765,Bogotá,CO
1766,San Juan,AR
1767,Zacatecas,MX
1768,Tucumán,AR
1769,San Juan,AR
1770,San Juan,AR
1771,Jalisco,MX
1772,Cundinamarca,CO
1773,Estado de Hidalgo,MX
1774,Provincia de Santa Fe,AR
1775,Michoacán de Ocampo,MX
1776,Santa Fe,AR
1777,Bogotá,CO
1778,Estado de México,MX
1779,CDMX,MX
1780,Bogotá,CO
1781,Cundinamarca,CO
1782,CDMX,MX
1783,Santa Fe,AR
1784,Sonora,MX
1785,CDMX,MX
1786,Cundinamarca,CO
1787,Cundinamarca,CO
1788,Durango,MX
1789,Cundinamarca,CO
1790,CDMX,MX
1791,46880-000,BR
1792,Jalisco,MX
1793,CDMX,MX
1794,CDMX,MX
1795,Bogotá,CO
1796,Bogotá,CO
1797,Cundinamarca,CO
1798,Bogotá,CO
1799,Estado de México,MX
1800,Oaxaca,MX
1801,CDMX,MX
1802,Estado de México,MX
1803,Bogotá,CO
1804,Bogotá,CO
1805,Bogotá,CO
1806,Bogotá,CO
1807,Bogotá,CO
1808,Bogotá,CO
1809,Bogotá,CO
1810,Bogotá,CO
1811,Cundinamarca,CO
1812,Bogotá,CO
1813,Bogotá,CO
1814,Bogotá,CO
1815,Bogotá,CO
1816,Bogotá,CO
1817,Cundinamarca,CO
1818,Bogotá,CO
1819,Bogotá,CO
1820,110311,CO
1821,Cundinamarca,CO
1822,Bogotá,CO
1823,Durango,MX
1824,Durango,MX
1825,Durango,MX
1826,Bogotá,CO
1827,Bogotá,CO
1828,Bogotá,CO
1829,Bogotá,CO
1830,Bogotá,CO
1831,110221,CO
1832,Bogotá,CO
1833,Bogotá,CO
1834,Bogotá,CO
1835,Bogotá,CO
1836,Bogotá,CO
1837,Bogotá,CO
1838,Bogotá,CO
1839,Bogotá,CO
1840,Bogotá,CO
1841,Bogotá,CO
1842,Bogotá,CO
1843,Bogotá,CO
1844,Cundinamarca,CO
1845,Cundinamarca,CO
1846,Bogotá,CO
1847,Provincia de Buenos Aires,AR
1848,13468-590,BR
1849,Jalisco,MX
1850,Bogotá,CO
1851,Bogotá,CO
1852,Bogotá,CO
1853,Bogotá,CO
1854,Cundinamarca,CO
1855,Bogotá,CO
1856,Cundinamarca,CO
1857,Michoacán,MX
1858,Jalisco,MX
1859,Colima,MX
1860,Aguascalientes,MX
1861,Sinaloa,MX
1862,Misiones,AR
1863,Bogotá,CO
1864,Bogotá,CO
1865,Buenos Aires,AR
1866,Córdoba,AR
1867,Salta,AR
1868,Mendoza,AR
1869,Santa Fe,AR
1870,Tamaulipas,MX
1871,Tamaulipas,MX
1872,Tamaulipas,MX
1873,CDMX,MX
1874,Chiapas,MX
1875,Salta,AR
1876,Jujuy,AR
1877,Provincia de Buenos Aires,AR
1878,Tamaulipas,MX
1879,Jalisco,MX
1880,Sinaloa,MX
1881,Risaralda,CO
1882,Quindío,CO
1883,Caldas,CO
1884,Caldas,CO
1885,Caldas,CO
1886,Risaralda,CO
1887,Risaralda,CO
1888,Valle del Cauca,CO
1889,Risaralda,CO
1890,Atlántico,CO
1891,Atlántico,CO
1892,Bolívar,CO
1893,Bolívar,CO
1894,Córdoba,CO
1895,Cesar,CO
1896,Magdalena,CO
1897,Cesar,CO
1898,Sucre,CO
1899,Bolívar,CO
1900,Cesar,CO
1901,Córdoba,CO
1902,Sucre,CO
1903,Atlántico,CO
1904,Magdalena,CO
1905,Atlántico,CO
1906,Sucre,CO
1907,Magdalena,CO
1908,Magdalena,CO
1909,Atlántico,CO
1910,Cesar,CO
1911,Cesar,CO
1912,Cesar,CO
1913,Bolívar,CO
1914,Antioquia,CO
1915,Antioquia,CO
1916,Antioquia,CO
1917,Antioquia,CO
1918,Antioquia,CO
1919,Antioquia,CO
1920,Antioquia,CO
1921,Valle del Cauca,CO
1922,Valle del Cauca,CO
1923,Valle del Cauca,CO
1924,Valle del Cauca,CO
1925,Valle del Cauca,CO
1926,Cauca,CO
1927,Cauca,CO
1928,Valle del Cauca,CO
1929,Valle del Cauca,CO
1930,Nariño,CO
1931,Valle del Cauca,CO
1932,Nariño,CO
1933,Valle del Cauca,CO
1934,Bogotá,CO
1935,Bogotá,CO
1936,Bogotá,CO
1937,Bogotá,CO
1938,Tolima,CO
1939,Huila,CO
1940,Bogotá,CO
1941,Bogotá,CO
1942,Bogotá,CO
1943,Caldas,CO
1944,Meta,CO
1945,Boyacá,CO
1946,Bogotá,CO
1947,Bogotá,CO
1948,Cundinamarca,CO
1949,Cundinamarca,CO
1950,Bogotá,CO
1951,Bogotá,CO
1952,Cundinamarca,CO
1953,Bogotá,CO
1954,Bogotá,CO
1955,Bogotá,CO
1956,Bogotá,CO
1957,Bogotá,CO
1958,Bogotá,CO
1959,Bogotá,CO
1960,Bogotá,CO
1961,Bogotá,CO
1962,Boyacá,CO
1963,Cundinamarca,CO
1964,Cundinamarca,CO
1965,Cundinamarca,CO
1966,Cundinamarca,CO
1967,Meta,CO
1968,Bogotá,CO
1969,Cundinamarca,CO
1970,Bogotá,CO
1971,Bogotá,CO
1972,Tolima,CO
1973,Meta,CO
1974,Bogotá,CO
1975,Santander,CO
1976,Santander,CO
1977,Santander,CO
1978,Norte de Santander,CO
1979,Santander,CO
1980,Santander,CO
1981,Córdoba,AR
1982,Córdoba,AR
1983,Puebla,MX
1984,Santa Fe,AR
1985,Provincia de Buenos Aires,AR
1986,Cundinamarca,CO
1987,Provincia de Buenos Aires,AR
1988,Provincia de Buenos Aires,AR
1989,Ciudad Autónoma de Buenos Aires,AR
1990,Ciudad Autónoma de Buenos Aires,AR
1991,Ciudad Autónoma de Buenos Aires,AR
1992,Entre Ríos,AR
1993,Provincia de Buenos Aires,AR
1994,Morelos,MX
1995,Guerrero,MX
1996,Provincia de Buenos Aires,AR
1997,Tucumán,AR
1998,São Paulo - Estado de São Paulo,BR
1999,Mendoza,AR
2000,Bogotá,CO
2001,Córdoba,AR
2002,Ciudad Autónoma de Buenos Aires,AR
2003,Nuevo León,MX
2004,Valle del Cauca,CO
2005,Valle del Cauca,CO
2006,Bogotá,CO
2007,Córdoba,AR
2008,Guerrero,MX
2009,Jujuy,AR
2010,Provincia de Buenos Aires,AR
2011,Oaxaca,MX
2012,Provincia de Buenos Aires,AR
2013,Estado de México,MX
2014,CDMX,MX
2015,Estado de México,MX
2016,CDMX,MX
2017,Córdoba,AR
2018,Estado de México,MX
2019,Jalisco,MX
2020,CDMX,MX
2021,Bogotá,CO
2022,Mendoza,AR
2023,Provincia de Buenos Aires,AR
2024,Oaxaca,MX
2025,Provincia de Buenos Aires,AR
2026,Provincia de Buenos Aires,AR
2027,Provincia de Buenos Aires,AR
2028,Bogota,CO
2029,Nuevo León,MX
2030,Provincia de Buenos Aires,AR
2031,CDMX,MX
2032,Mendoza,AR
2033,Michoacán,MX
2034,Provincia de Buenos Aires,AR
2035,Provincia de Buenos Aires,AR
2036,Córdoba,AR
2037,Ciudad Autónoma de Buenos Aires,AR
2038,Ciudad Autónoma de Buenos Aires,AR
2039,Córdoba,AR
2040,Jujuy,AR
2041,Provincia de Buenos Aires,AR
2042,Provincia de Buenos Aires,AR
2043,Provincia de Buenos Aires,AR
2044,Provincia de Buenos Aires,AR
2045,Chihuahua,MX
2046,Cundinamarca,CO
2047,Bogotá,CO
2048,San Juan,AR
2049,Querétaro,MX
2050,Corrientes,AR
2051,Provincia de Buenos Aires,AR
2052,Chihuahua,MX
2053,Chiapas,MX
2054,Estado de Hidalgo,MX
2055,Atlántico,CO
2056,Guanajuato,MX
2057,Provincia de Buenos Aires,AR
2058,Estado de México,MX
2059,Misiones,AR
2060,Córdoba,AR
2061,Tucumán,AR
2062,Córdoba,AR
2063,Tlaxcala,MX
2064,Tlaxcala,MX
2065,Córdoba,AR
2066,Entre Ríos,AR
2067,Guanajuato,MX
2068,Guerrero,MX
2069,CDMX,MX
2070,CDMX,MX
2071,CDMX,MX
2072,Tucumán,AR
2073,Tucumán,AR
2074,Estado de México,MX
2075,CDMX,MX
2076,Estado de México,MX
2077,Misiones,AR
2078,Yucatan,MX
2079,CDMX,MX
2080,Provincia de Buenos Aires,AR
2081,Morelos,MX
2082,CDMX,MX
2083,Guanajuato,MX
2084,Jujuy,AR
2085,Veracruz,MX
2086,Jalisco,MX
2087,Coahuila de Zaragoza,MX
2088,CDMX,MX
2089,Coahuila de Zaragoza,MX
2090,Coahuila de Zaragoza,MX
2091,Estado de México,MX
2092,Querétaro,MX
2093,Córdoba,AR
2094,Provincia de Buenos Aires,AR
2095,Córdoba,AR
2096,Durango,MX
2097,Durango,MX
2098,Estado de México,MX
2099,Provincia de Buenos Aires,AR
2100,Ciudad Autónoma de Buenos Aires,AR
2101,Coahuila de Zaragoza,MX
2102,San Juan,AR
2103,CDMX,MX
2104,CDMX,MX
2105,Tucumán,AR
2106,Ciudad Autónoma de Buenos Aires,AR
2107,Ciudad Autónoma de Buenos Aires,AR
2108,Ciudad Autónoma de Buenos Aires,AR
2109,Ciudad Autónoma de Buenos Aires,AR
2110,CDMX,MX
2111,CDMX,MX
2112,Estado de México,MX
2113,Córdoba,AR
2114,CDMX,MX
2115,Córdoba,AR
2116,San Juan,AR
2117,Oaxaca,MX
2118,Provincia de Buenos Aires,AR
2119,Estado de México,MX
2120,Jalisco,MX
2121,Bogota,CO
2122,Durango,MX
2123,Quintana Roo,MX
2124,CDMX,MX
2125,Corrientes,AR
2126,Corrientes,AR
2127,Corrientes,AR
2128,Corrientes,AR
2129,San Juan,AR
2130,Jalisco,MX
2131,Hidalgo,MX
2132,Provincia de Buenos Aires,AR
2133,Córdoba,AR
2134,CDMX,MX
2135,Estado de México,MX
2136,Estado de México,MX
2137,Antioquia,CO
2138,Jalisco,MX
2139,Jalisco,MX
2140,La Pampa,AR
2141,Ciudad Autónoma de Buenos Aires,AR
2142,Sinaloa,MX
2143,Tolima,CO
2144,Provincia de Córdoba,AR
2145,CDMX,MX
2146,Córdoba,AR
2147,CDMX,MX
2148,Bogotá,CO
2149,Santa Fe,AR
2150,CDMX,MX
2151,Antioquia,CO
2152,Provincia de Buenos Aires,AR
2153,Misiones,AR
2154,CDMX,MX
2155,Michoacán,MX
2156,Jalisco,MX
2157,Provincia de Buenos Aires,AR
2158,Provincia de Buenos Aires,AR
2159,Provincia de Buenos Aires,AR
2160,Provincia de Buenos Aires,AR
2161,Provincia de Buenos Aires,AR
2162,Entre Ríos,AR
2163,Provincia de Buenos Aires,AR
2164,Sinaloa,MX
2165,Provincia de Buenos Aires,AR
2166,Provincia de Buenos Aires,AR
2167,Provincia de Buenos Aires,AR
2168,CDMX,MX
2169,Michoacán,MX
2170,Provincia de Buenos Aires,AR
2171,Provincia de Buenos Aires,AR
2172,Provincia de Buenos Aires,AR
2173,Provincia de Buenos Aires,AR
2174,Estado de México,MX
2175,Jalisco,MX
2176,Jalisco,MX
2177,Bogota,CO
2178,Río Negro,AR
2179,Oaxaca,MX
2180,Oaxaca,MX
2181,Puebla,MX
2182,Corrientes,AR
2183,Sonora,MX
2184,CDMX,MX
2185,Jalisco,MX
2186,Provincia de Buenos Aires,AR
2187,CDMX,MX
2188,CDMX,MX
2189,Provincia de Buenos Aires,AR
2190,Morelos,MX
2191,CDMX,MX
2192,CDMX,MX
2193,Provincia de Buenos Aires,AR
2194,Catamarca,AR
2195,Catamarca,AR
2196,Catamarca,AR
2197,Misiones,AR
2198,CDMX,MX
2199,CDMX,MX
2200,Provincia de Buenos Aires,AR
2201,Provincia de Buenos Aires,AR
2202,Oaxaca,MX
2203,Oaxaca,MX
2204,Oaxaca,MX
2205,Querétaro,MX
2206,Provincia de Buenos Aires,AR
2207,Zacatecas,MX
2208,Michoacán de Ocampo,MX
2209,Provincia de Tucumán,AR
2210,Santa Fe,AR
2211,Provincia de Buenos Aires,AR
2212,Nuevo León,MX
2213,Yucatán,MX
2214,Provincia de Buenos Aires,AR
2215,Salta,AR
2216,Salta,AR
2217,Salta,AR
2218,Córdoba,AR
2219,Buenos Aires,AR
2220,Chihuahua,MX
2221,CDMX,MX
2222,CDMX,MX
2223,Nuevo León,MX
2224,Corrientes,AR
2225,Corrientes,AR
2226,Corrientes,AR
2227,Corrientes,AR
2228,Corrientes,AR
2229,Corrientes,AR
2230,Corrientes,AR
2231,Corrientes,AR
2232,Corrientes,AR
2233,Corrientes,AR
2234,Corrientes,AR
2235,Hidalgo,MX
2236,Michoacán,MX
2237,Michoacán,MX
2238,Puebla,MX
2239,Jalisco,MX
2240,Yucatan,MX
2241,Yucatan,MX
2242,Meta,CO
2243,Yucatan,MX
2244,Michoacán,MX
2245,Michoacán,MX
2246,Michoacán,MX
2247,Michoacán,MX
2248,Michoacán,MX
2249,Michoacán,MX
2250,Michoacán,MX
2251,Michoacán,MX
2252,Michoacán,MX
2253,Valle del Cauca,CO
2254,Jalisco,MX
2255,Formosa,AR
2256,Córdoba,AR
2257,Misiones,AR
2258,Misiones,AR
2259,Misiones,AR
2260,Misiones,AR
2261,Misiones,AR
2262,Nuevo Leon,MX
2263,CDMX,MX
2264,Provincia de Santa Fe,AR
2265,Valle del Cauca,CO
2266,Provincia de Santa Fe,AR
2267,Corrientes,AR
2268,Buenos Aires Province,AR
2269,CDMX,MX
2270,Córdoba,AR
2271,Bogotá,CO
2272,Oaxaca,MX
2273,Estado de México,MX
2274,Oaxaca,MX
2275,Jalisco,MX
2276,Jalisco,MX
2277,Estado de México,MX
2278,Estado de México,MX
2279,Michoacán,MX
2280,Michoacán,MX
2281,Mendoza,AR
2282,Quintana Roo,MX
2283,Estado de México,MX
2284,Estado de México,MX
2285,Provincia de Buenos Aires,AR
2286,Jujuy,AR
2287,Provincia de Buenos Aires,AR
2288,Risaralda,CO
2289,Col.,MX
2290,Santa Fe,AR
2291,Río Negro,AR
2292,Cundinamarca,CO
2293,Bogota,CO
2294,Provincia de Córdoba,AR
2295,Michoacán,MX
2296,Michoacán,MX
2297,Michoacán,MX
2298,Jalisco,MX
2299,Río Negro,AR
2300,Río Negro,AR
2301,Provincia de Buenos Aires,AR
2302,Valle del Cauca,CO
2303,Chaco,AR
2304,Oaxaca,MX
2305,Oaxaca,MX
2306,Oaxaca,MX
2307,Oaxaca,MX
2308,Yucatán,MX
2309,Salta,AR
2310,Chaco,AR
2311,Salta,AR
2312,Michoacán,MX
2313,Nuevo León,MX
2314,Jalisco,MX
2315,Estado de México,MX
2316,Estado de México,MX
2317,Estado de Hidalgo,MX
2318,CDMX,MX
2319,Córdoba,AR
2320,Puebla,MX
2321,Tamaulipas,MX
2322,Estado de México,MX
2323,Guanajuato,MX
2324,CDMX,MX
2325,Ciudad Autónoma de Buenos Aires,AR
2326,Morelos,MX
2327,San Juan,AR
2328,Morelos,MX
2329,Provincia de Buenos Aires,AR
2330,Puebla,MX
2331,Puebla,MX
2332,Michoacán,MX
2333,Ciudad Autónoma de Buenos Aires,AR
2334,Tlaxcala,MX
2335,Puebla,MX
2336,Puebla,MX
2337,Tolima,CO
2338,Durango,MX
2339,Durango,MX
2340,Veracruz,MX
2341,Cundinamarca,CO
2342,Sucre,CO
2343,Querétaro,MX
2344,Chihuahua,MX
2345,Jalisco,MX
2346,Zacatecas,MX
2347,Provincia de Buenos Aires,AR
2348,CDMX,MX
2349,Yucatán,MX
2350,Ciudad Autónoma de Buenos Aires,AR
2351,Ciudad Autónoma de Buenos Aires,AR
2352,Durango,MX
2353,Michoacán,MX
2354,Río Negro,AR
2355,CDMX,MX
2356,Ciudad Autónoma de Buenos Aires,AR
2357,Ciudad Autónoma de Buenos Aires,AR
2358,Ciudad Autónoma de Buenos Aires,AR
2359,Ciudad Autónoma de Buenos Aires,AR
2360,CDMX,MX
2361,Ciudad Autónoma de Buenos Aires,AR
2362,CDMX,MX
2363,CDMX,MX
2364,Durango,MX
2365,Baja California,MX
2366,Misiones,AR
2367,Chaco,AR
2368,Chaco,AR
2369,Provincia de Buenos Aires,AR
2370,Provincia de Buenos Aires,AR
2371,Oaxaca,MX
2372,eduardo madero 1180,AR
2373,eduardo madero 1180,AR
2374,eduardo madero 1180,AR
2375,eduardo madero 1180,AR
2376,eduardo madero 1180,AR
2377,Veracruz,MX
2378,Bogotá,CO
2379,Jalisco,MX
2380,eduardo madero 1180,AR
2381,Zacatecas,MX
2382,Puebla,MX
2383,Chihuahua,MX
2384,Córdoba,AR
2385,Córdoba,AR
2386,Córdoba,AR
2387,Veracruz,MX
2388,CDMX,MX
2389,Chiapas,MX
2390,Veracruz de Ignacio de la Llave,MX
2391,Oaxaca,MX
2392,Guerrero,MX
2393,Bogotá,CO
2394,Querétaro,MX
2395,CDMX,MX
2396,Brasil 123,AR
2397,Brasil 123,AR
2398,Brasil 123,AR
2399,Brasil 123,AR
2400,Yucatán,MX
2401,Brasil 123,AR
2402,Brasil 123,AR
2403,Veracruz de Ignacio de la Llave,MX
2404,Oaxaca,MX
2405,Veracruz,MX
2406,Veracruz,MX
2407,Veracruz de Ignacio de la Llave,MX
2408,Veracruz,MX
2409,Veracruz,MX
2410,North Santander,CO
2411,Baja California,MX
2412,Guanajuato,MX
2413,Ciudad Autónoma de Buenos Aires,AR
2414,Ciudad Autónoma de Buenos Aires,AR
2415,Brasil 123,AR
2416,CDMX,MX
2417,Estado de México,MX
2418,Estado de México,MX
2419,Bogota,CO
2420,Bogotá,CO
2421,Bogotá,CO
2422,CDMX,MX
2423,Baja California,MX
2424,Bogotá,CO
2425,Querétaro,MX
2426,CDMX,MX
2427,Bolívar,CO
2428,Jalisco,MX
2429,Bogotá,CO
2430,Bogotá,CO
2431,Bogotá,CO
2432,Baja California,MX
2433,Guaviare,CO
2434,Querétaro,MX
2435,Querétaro,MX
2436,Querétaro,MX
2437,Puebla,MX
2438,Nayarit,MX
2439,Guanajuato,MX
2440,Bogotá,CO
2441,Tabasco,MX
2442,CDMX,MX
2443,CDMX,MX
2444,Caldas,CO
2445,Estado de México,MX
2446,Bogotá,CO
2447,CDMX,MX
2448,Cesar,CO
2449,CDMX,MX
2450,43845 Hidalgo,MX
2451,Estado de México,MX
2452,Jalisco,MX
2453,Nayarit,MX
2454,Provincia de Buenos Aires,AR
2455,Provincia de Buenos Aires,AR
2456,Corrientes,AR
2457,Corrientes,AR
2458,Corrientes,AR
2459,Corrientes,AR
2460,Misiones,AR
2461,Misiones,AR
2462,Misiones,AR
2463,Misiones,AR
2464,Meta,CO
2465,Misiones,AR
2466,Misiones,AR
2467,Misiones,AR
2468,Misiones,AR
2469,Misiones,AR
2470,Misiones,AR
2471,Misiones,AR
2472,Misiones,AR
2473,Misiones,AR
2474,Misiones,AR
2475,Misiones,AR
2476,Misiones,AR
2477,Misiones,AR
2478,Misiones,AR
2479,Misiones,AR
2480,Puebla,MX
2481,Nuevo León,MX
2482,Querétaro,MX
2483,Baja California,MX
2484,Querétaro,MX
2485,CDMX,MX
2486,Antioquia,CO
2487,Ciudad Autónoma de Buenos Aires,AR
2488,Durango,MX
2489,Baja California Sur,MX
2491,Ciudad Autónoma de Buenos Aires,AR
2492,Ciudad Autónoma de Buenos Aires,AR
2493,Casanare,CO
2494,Estado de México,MX
2495,Oaxaca,MX
2496,Chiapas,MX
2497,Meta,CO
2498,Cundinamarca,CO
2499,Yucatán,MX
2500,Yucatán,MX
2501,Yucatán,MX
2502,Ciudad Autónoma de Buenos Aires,AR
2503,Boyacá,CO
2504,Salta,AR
2505,CDMX,MX
2506,CDMX,MX
2507,Baja California,MX
2508,Tabasco,MX
2509,Cundinamarca,CO
2510,Michoacán,MX
2511,Provincia de Formosa,AR
2512,CDMX,MX
2513,CDMX,MX
2514,CDMX,MX
2515,CDMX,MX
2516,Michoacán,MX
2517,Baja California,MX
2518,Puebla,MX
2519,Puebla,MX
2520,Querétaro,MX
2521,Misiones,AR
2522,Santiago del Estero,AR
2523,Santiago del Estero,AR
2524,Santiago del Estero,AR
2525,Nayarit,MX
2526,CDMX,MX
2527,Valle del Cauca,CO
2528,Cundinamarca,CO
2529,Cundinamarca,CO
2530,Querétaro,MX
2531,Quintana Roo,MX
2532,Jalisco,MX
2533,Hidalgo,MX
2534,Guerrero,MX
2535,Jalisco,MX
2536,Veracruz,MX
2537,Baja California,MX
2538,Querétaro,MX
2539,Nuevo León,MX
2540,Misiones,AR
2541,Baja California,MX
2542,Misiones,AR
2543,Mexico City,MX
2544,Misiones,AR
2545,Tucumán,AR
2546,Valle del Cauca,CO
2547,CDMX,MX
2548,Veracruz de Ignacio de la Llave,MX
2549,Jalisco,MX
2550,CDMX,MX
2551,Coahuila de Zaragoza,MX
2552,Querétaro,MX
2553,Baja California,MX
2554,Misiones,AR
2555,Misiones,AR
2556,Misiones,AR
2557,Misiones,AR
2558,Misiones,AR
2559,Misiones,AR
2560,Misiones,AR
2561,Casanare,CO
2562,Estado de México,MX
2563,Estado de México,MX
2564,Jalisco,MX
2565,Nuevo León,MX
2566,CDMX,MX
2567,CDMX,MX
2568,Tamaulipas,MX
2569,Misiones,AR
2570,Misiones,AR
2571,CDMX,MX
2572,Estado de México,MX
2573,Michoacán de Ocampo,MX
2574,Nuevo Leon,MX
2575,CDMX,MX
2576,Jalisco,MX
2577,Zacatecas,MX
2578,CDMX,MX
2579,CDMX,MX
2580,CDMX,MX
2581,Nuevo León,MX
2582,Sonora,MX
2583,Querétaro,MX
2584,Jalisco,MX
2585,Michoacán de Ocampo,MX
2586,Guanajuato,MX
2587,Baja California,MX
2588,Bogotá,CO
2589,Bogotá,CO
2590,Jalisco,MX
2591,CDMX,MX
2592,,MX
2593,Hidalgo,MX
2594,Estado de Hidalgo,MX
2595,Guanajuato,MX
2596,Coahuila de Zaragoza,MX
2597,Chiapas,MX
2598,CDMX,MX
2599,Misiones,AR
2600,Chiapas,MX
2601,CDMX,MX
2602,CDMX,MX
2603,Santa Fe,AR
2604,Santa Fe,AR
2605,Santa Fe,AR
2606,Santa Fe,AR
2607,Santa Fe,AR
2608,Durango,MX
2609,Santa Fe,AR
2610,Santa Fe,AR
2611,CDMX,MX
2612,Valle del Cauca,CO
2613,Durango,MX
2614,Tlaxcala,MX
2615,Baja California,MX
2616,CDMX,MX
2617,Mendoza,AR
2618,Quintana Roo,MX
2619,CDMX,MX
2620,Guerrero,MX
2621,Guerrero,MX
2622,Entre Ríos,AR
2623,Entre Ríos,AR
2624,Entre Ríos,AR
2625,Puebla,MX
2626,CDMX,MX
2627,Puebla,MX
2628,Hidalgo,MX
2629,Chihuahua,MX
2630,Durango,MX
2631,Morelos,MX
2632,Jalisco,MX
2633,Morelos,MX
2634,Provincia de Buenos Aires,AR
2635,Michoacán de Ocampo,MX
2636,A4400 Salta,AR
2637,Salta,AR
2638,CDMX,MX
2639,CDMX,MX
2640,CDMX,MX
2641,Nuevo León,MX
2642,Misiones,AR
2643,Guanajuato,MX
2644,Ciudad Autónoma de Buenos Aires,AR
2645,Santiago del Estero,AR
2646,Santiago del Estero,AR
2647,Santiago del Estero,AR
2648,Santiago del Estero,AR
2649,Santiago del Estero,AR
2650,Santiago del Estero,AR
2651,Santiago del Estero,AR
2652,Santiago del Estero,AR
2653,Santiago del Estero,AR
2654,Santiago del Estero,AR
2655,Misiones,AR
2656,Bogota,CO
2657,Guerrero,MX
2658,San Luis Potosí,MX
2659,Michoacán,MX
2660,Durango,MX
2661,Estado de México,MX
2662,CDMX,MX
2663,Michoacán,MX
2664,Baja California,MX
2665,Baja California,MX
2666,Baja California,MX
2667,Baja California,MX
2668,Baja California,MX
2669,Guanajuato,MX
2670,Tlaxcala,MX
2671,Guanajuato,MX
2672,Provincia de Buenos Aires,AR
2673,Provincia de Buenos Aires,AR
2674,CDMX,MX
2675,Ciudad Autónoma de Buenos Aires,AR
2676,CDMX,MX
2677,CDMX,MX
2678,Michoacán,MX
2679,Michoacán,MX
2680,Antioquia,CO
2681,Antioquia,CO
2682,Veracruz de Ignacio de la Llave,MX
2683,CDMX,MX
2684,Chihuahua,MX
2685,Nayarit,MX
2686,Puebla,MX
2687,Michoacán de Ocampo,MX
2688,Querétaro,MX
2689,CDMX,MX
2690,CDMX,MX
2691,Estado de Hidalgo,MX
2692,Guerrero,MX
2693,Michoacán,MX
2694,Guanajuato,MX
2695,CDMX,MX
2696,Oaxaca,MX
2697,Michoacán de Ocampo,MX
2698,Durango,MX
2699,Michoacán,MX
2700,Córdoba,CO
2701,Oaxaca,MX
2702,Provincia de Buenos Aires,AR
2703,Provincia de Buenos Aires,AR
2704,CDMX,MX
2705,Veracruz de Ignacio de la Llave,MX
2706,Guerrero,MX
2707,Estado de México,MX
2708,Puebla,MX
2709,Guanajuato,MX
2710,Guerrero,MX
2711,Aguascalientes,MX
2712,CDMX,MX
2713,CDMX,MX
2714,CDMX,MX
2715,CDMX,MX
2716,CDMX,MX
2717,Tenancingo Estado de México,MX
2718,Atlántico,CO
2719,CDMX,MX
2720,Veracruz de Ignacio de la Llave,MX
2721,CDMX,MX
2722,Huila,CO
2723,Nuevo Leon,MX
2724,CDMX,MX
2725,Antioquia,CO
2726,Puebla,MX
2727,CDMX,MX
2728,CDMX,MX
2729,Michoacán de Ocampo,MX
2730,Aguascalientes,MX
2731,Atlántico,CO
2732,Santander,CO
2733,Antioquia,CO
2734,La Pampa,AR
2735,CDMX,MX
2736,Meta,CO
2737,CDMX,MX
2738,Jalisco,MX
2739,Tlaxcala,MX
2740,CDMX,MX
2741,CDMX,MX
2742,Chihuahua,MX
2743,Nuevo León,MX
2744,Chiapas,MX
2745,Guanajuato,MX
2746,State of Mexico,MX
2747,Puebla,MX
2748,Ciudad Autónoma de Buenos Aires,AR
2749,CDMX,MX
2750,Quindío,CO
2751,Sonora,MX
2752,Puebla,MX
2753,Quindío,CO
2754,Ciudad Autónoma de Buenos Aires,AR
2755,CDMX,MX
2756,Chiapas,MX
2757,CDMX,MX
2758,Chihuahua,MX
2759,Hidalgo,MX
2760,Hidalgo,MX
2761,Querétaro,MX
2762,Jalisco,MX
2763,CDMX,MX
2764,State of Mexico,MX
2765,Hidalgo,MX
2766,CDMX,MX
2767,CDMX,MX
2768,Baja California Sur,MX
2769,Provincia de Buenos Aires,AR
2770,Michoacán,MX
2771,Norte de Santander,CO
2772,Puebla,MX
2773,Estado de México,MX
2774,Provincia de Buenos Aires,AR
2775,Mendoza,AR
2776,Ciudad Autónoma de Buenos Aires,AR
2777,Chihuahua,MX
2778,Michoacán de Ocampo,MX
2779,Chiapas,MX
2780,CDMX,MX
2781,Querétaro,MX
2782,Santa Fe,AR
2783,Quintana Roo,MX
2784,Provincia de Santa Fe,AR
2785,CDMX,MX
2786,Morelos,MX
2787,Chihuahua,MX
2788,Puebla,MX
2789,Michoacán de Ocampo,MX
2790,Michoacán de Ocampo,MX
2791,Estado de México,MX
2792,CDMX,MX
2793,Nayarit,MX
2794,Michoacán de Ocampo,MX
2795,Tlaxcala,MX
2796,Provincia de Buenos Aires,AR
2797,Yucatan,MX
2798,Oaxaca,MX
2799,Sinaloa,MX
2800,Buenos Aires,AR
2801,Córdoba,AR
2802,Bogotá,CO
2803,Michoacán de Ocampo,MX
2804,Chihuahua,MX
2805,Mendoza,AR
2806,Guanajuato,MX
2807,CDMX,MX
2808,Jalisco,MX
2809,Guanajuato,MX
2810,Veracruz,MX
2811,CDMX,MX
2812,Tabasco,MX
2813,Bolívar,CO
2814,CDMX,MX
2815,CDMX,MX
2816,Querétaro,MX
2817,Querétaro,MX
2818,Querétaro,MX
2819,Aguascalientes,MX
2820,CDMX,MX
2821,Jalisco,MX
2822,Veracruz de Ignacio de la Llave,MX
2823,Sinaloa,MX
2824,Jalisco,MX
2825,Veracruz,MX
2840,Puebla,MX
2841,Hidalgo,MX
2842,Michoacán de Ocampo,MX
2843,CDMX,MX
2844,Estado de México,MX
2845,Oaxaca,MX
2846,CDMX,MX
2847,Estado de México,MX
2848,Estado de México,MX
2849,Veracruz de Ignacio de la Llave,MX
2850,Puebla,MX
2851,Jalisco,MX
2852,San Luis Potosí,MX
2853,Sinaloa,MX
2854,Tlaxcala,MX
2855,CDMX,MX
2856,Estado de Hidalgo,MX
2857,CDMX,MX
2858,Querétaro,MX
2859,Jalisco,MX
2860,Jalisco,MX
2861,Guanajuato,MX
2862,Yucatán,MX
2863,Formosa,AR
2864,Formosa,AR
2865,Formosa,AR
2866,Formosa,AR
2867,Formosa,AR
2868,Formosa,AR
2869,Formosa,AR
2870,Formosa,AR
2871,Formosa,AR
2872,Formosa,AR
2873,Corrientes,AR
2874,Misiones,AR
2875,Corrientes,AR
2876,Corrientes,AR
2877,Formosa,AR
2878,Chaco,AR
2879,Tabasco,MX
2880,Jalisco,MX
2881,Provincia de Buenos Aires,AR
2882,Yucatan,MX
2883,Jalisco,MX
2884,CDMX,MX
2885,Morelos,MX
2886,Provincia de Buenos Aires,AR
2887,Estado de Hidalgo,MX
2888,Casanare,CO
2889,Hidalgo,MX
2890,Estado de México,MX
2891,Chihuahua,MX
2892,Michoacán de Ocampo,MX
2893,Estado de México,MX
2894,Guanajuato,MX
2895,Durango,MX
2896,Veracruz de Ignacio de la Llave,MX
2897,Chiapas,MX
2898,CDMX,MX
2899,CDMX,MX
2900,Bogotá,CO
2901,Bogotá,CO
2902,Bogotá,CO
2903,Yucatán,MX
2904,Yucatán,MX
2905,Veracruz de Ignacio de la Llave,MX
2906,CDMX,MX
2907,Oaxaca,MX
2908,Baja California Sur,MX
2909,Provincia de Buenos Aires,AR
2910,Cundinamarca,CO
2911,Michoacán,MX
2912,Puebla,MX
2913,CDMX,MX
2914,CDMX,MX
2915,CDMX,MX
2916,Valle del Cauca,CO
2917,Huila,CO
2918,Durango,MX
2919,Estado de México,MX
2920,Guerrero,MX
2921,Nuevo León,MX
2922,CDMX,MX
2923,CDMX,MX
2924,Oaxaca,MX
2925,Baja California,MX
2926,Catamarca,AR
2927,CDMX,MX
2928,Guerrero,MX
2929,Tamaulipas,MX
2930,Jalisco,MX
2931,CDMX,MX
2932,CDMX,MX
2933,Jalisco,MX
2934,Atlántico,CO
2935,Veracruz,MX
2936,CDMX,MX
2937,Estado de México,MX
2938,CDMX,MX
2939,Cundinamarca,CO
2940,Bogotá,CO
2941,Atlántico,CO
2942,Bogotá,CO
2943,Hidalgo,MX
2944,Morelos,MX
2945,Bogotá,CO
2946,Guerrero,MX
2947,Veracruz,MX
2948,Michoacán de Ocampo,MX
2949,chiapas,MX
2950,Nuevo Leon,MX
2951,Morelos,MX
2952,Chiapas,MX
2953,Morelos,MX
2954,Morelos,MX
2955,Morelos,MX
2956,Provincia de Buenos Aires,AR
2957,Yucatan,MX
2958,Hidalgo,MX
2959,Querétaro,MX
2960,Chaco,AR
2961,CDMX,MX
2962,Hidalgo,MX
2963,CDMX,MX
2964,Provincia de Buenos Aires,AR
2965,Puebla,MX
2966,Provincia de Buenos Aires,AR
2967,Provincia de Buenos Aires,AR
2968,Provincia de Buenos Aires,AR
2969,Provincia de Buenos Aires,AR
2970,Provincia de Buenos Aires,AR
2971,Provincia de Buenos Aires,AR
2972,Provincia de Buenos Aires,AR
2973,Provincia de Buenos Aires,AR
2974,Provincia de Buenos Aires,AR
2975,Provincia de Buenos Aires,AR
2976,Provincia de Buenos Aires,AR
2977,Provincia de Buenos Aires,AR
2978,Zacatecas,MX
2979,Oaxaca,MX
2980,Michoacán de Ocampo,MX
2981,D.C.,CO
2982,Chihuahua,MX
2983,CDMX,MX
2984,Guanajuato,MX
2985,Guanajuato,MX
2986,Ciudad Autónoma de Buenos Aires,AR
2987,CDMX,MX
2988,Veracruz de Ignacio de la Llave,MX
2989,CDMX,MX
2990,CDMX,MX
2991,CDMX,MX
2992,Michoacán de Ocampo,MX
2993,Provincia de Buenos Aires,AR
2994,Guanajuato,MX
2995,CDMX,MX
2996,Corrientes,AR
2997,CDMX,MX
2998,CDMX,MX
2999,CDMX,MX
3000,CDMX,MX
3001,CDMX,MX
3002,CDMX,MX
3003,CDMX,MX
3004,CDMX,MX
3005,CDMX,MX
3006,Hidalgo,MX
3007,CDMX,MX
3008,CDMX,MX
3009,Michoacán,MX
3010,Salta,AR
3011,Estado de México,MX
3012,Bolívar,CO
3013,Chihuahua,MX
3014,Antioquia,CO
3015,Chihuahua,MX
3016,Bogotá,CO
3017,CDMX,MX
3018,Chiapas,MX
3019,CDMX,MX
3020,Antioquia,CO
3021,Corrientes,AR
3022,,CO
3023,Chaco,AR
3024,Monterrey,MX
3025,Meta,CO
3026,Querétaro,MX
3027,Michoacán,MX
3028,Nayarit,MX
3029,Jalisco,MX
3030,Michoacán,MX
3031,Jalisco,MX
3032,Nuevo León,MX
3033,Veracruz,MX
3034,CDMX,MX
3035,Estado de México,MX
3036,Sinaloa,MX
3037,Nayarit,MX
3038,Michoacán de Ocampo,MX
3039,Michoacán,MX
3040,CDMX,MX
3041,Provincia de Buenos Aires,AR
3042,Hidalgo,MX
3043,Oaxaca,MX
3044,Antioquia,CO
3045,Estado de México,MX
3046,Guerrero,MX
3047,Yucatan,MX
3048,Mendoza,AR
3049,Hidalgo,MX
3050,Guerrero,MX
3051,Nuevo León,MX
3052,Cundinamarca,CO
3053,Nuevo León,MX
3054,Coahuila de Zaragoza,MX
3055,Coahuila de Zaragoza,MX
3056,CDMX,MX
3057,CDMX,MX
3058,CDMX,MX
3059,Jalisco,MX
3060,Sonora,MX
3061,Coahuila de Zaragoza,MX
3062,Provincia del Chaco,AR
3063,Jalisco,MX
3064,CDMX,MX
3065,Hidalgo,MX
3066,Provincia de Buenos Aires,AR
3067,Guerrero,MX
3068,Jalisco,MX
3069,Michoacán,MX
3070,San Luis Potosí,MX
3071,CDMX,MX
3072,Neuquén,AR
3073,Sinaloa,MX
3074,Sonora,MX
3075,Sonora,MX
3076,CDMX,MX
3077,Zacatecas,MX
3078,CDMX,MX
3079,Nayarit,MX
3080,Jalisco,MX
3081,Tamaulipas,MX
3082,Puebla,MX
3083,CDMX,MX
3084,CDMX,MX
3085,Puebla,MX
3086,CDMX,MX
3087,Jalisco,MX
3088,Michoacán de Ocampo,MX
3089,CDMX,MX
3090,Nuevo León,MX
3091,Durango,MX
3092,Hidalgo,MX
3093,CDMX,MX
3094,Querétaro,MX
3095,CDMX,MX
3096,Coahuila de Zaragoza,MX
3097,CDMX,MX
3098,Michoacán de Ocampo,MX
3099,Oaxaca,MX
3100,Provincia de Buenos Aires,AR
3101,Chiapas,MX
3102,Michoacán,MX
3103,Provincia de Buenos Aires,AR
3104,Jalisco,MX
3105,CDMX,MX
3106,Baja California,MX
3107,CDMX,MX
3108,Guanajuato,MX
3109,Guanajuato,MX
3110,CDMX,MX
3111,Provincia de Buenos Aires,AR
3112,CDMX,MX
3113,Hidalgo,MX
3114,Puebla,MX
3115,Estado de México,MX
3116,Tabasco,MX
3117,Provincia de Buenos Aires,AR
3118,Provincia de Buenos Aires,AR
3119,Provincia de Buenos Aires,AR
3120,Ciudad Autónoma de Buenos Aires,AR
3121,Ciudad Autónoma de Buenos Aires,AR
3122,Río Negro,AR
3123,CDMX,MX
3124,Chiapas,MX
3125,Chiapas,MX
3126,CDMX,MX
3127,CDMX,MX
3128,CDMX,MX
3129,CDMX,MX
3130,CDMX,MX
3131,Provincia de Buenos Aires,AR
3132,Oaxaca,MX
3133,CDMX,MX
3134,CDMX,MX
3135,Bolívar,CO
3136,Guanajuato,MX
3137,CDMX,MX
3138,Tamaulipas,MX
